t_prime,particle,t,accepted,move
1,22,1,false,sub_error
1,22,1,false,sub_error
1,22,1,false,sub_error
1,22,1,false,insert_error
1,22,1,true,action_prior
1,22,1,true,substitution_temp
1,28,1,false,sub_error
1,28,1,false,sub_error
1,28,1,false,sub_error
1,28,1,false,insert_error
1,28,1,true,action_prior
1,28,1,true,substitution_temp
1,32,1,false,sub_error
1,32,1,false,sub_error
1,32,1,false,sub_error
1,32,1,false,insert_error
1,32,1,false,action_prior
1,32,1,true,substitution_temp
2,5,2,false,sub_error
2,5,2,false,sub_error
2,5,2,false,sub_error
2,5,2,false,insert_error
2,5,2,false,action_prior
2,5,2,true,substitution_temp
1,5,2,false,sub_error
1,5,2,false,sub_error
1,5,2,false,sub_error
1,5,2,false,insert_error
1,5,2,true,action_prior
1,5,2,true,substitution_temp
1,10,2,false,sub_error
1,10,2,false,sub_error
1,10,2,false,sub_error
1,10,2,false,insert_error
1,10,2,true,action_prior
1,10,2,true,substitution_temp
2,10,2,false,sub_error
2,10,2,false,sub_error
2,10,2,false,sub_error
2,10,2,false,insert_error
2,10,2,true,action_prior
2,10,2,true,substitution_temp
2,11,2,false,sub_error
2,11,2,false,sub_error
2,11,2,false,sub_error
2,11,2,false,insert_error
2,11,2,false,action_prior
2,11,2,true,substitution_temp
1,11,2,false,sub_error
1,11,2,false,sub_error
1,11,2,false,sub_error
1,11,2,false,insert_error
1,11,2,true,action_prior
1,11,2,true,substitution_temp
1,13,2,false,sub_error
1,13,2,false,sub_error
1,13,2,false,sub_error
1,13,2,false,insert_error
1,13,2,false,action_prior
1,13,2,true,substitution_temp
2,13,2,false,sub_error
2,13,2,false,sub_error
2,13,2,false,sub_error
2,13,2,false,insert_error
2,13,2,true,action_prior
2,13,2,true,substitution_temp
1,28,2,false,sub_error
1,28,2,false,sub_error
1,28,2,false,sub_error
1,28,2,false,insert_error
1,28,2,true,action_prior
1,28,2,true,substitution_temp
2,28,2,false,sub_error
2,28,2,false,sub_error
2,28,2,false,sub_error
2,28,2,false,insert_error
2,28,2,true,action_prior
2,28,2,true,substitution_temp
2,3,3,false,sub_error
2,3,3,false,sub_error
2,3,3,false,sub_error
2,3,3,false,insert_error
2,3,3,true,action_prior
2,3,3,true,substitution_temp
3,3,3,false,sub_error
3,3,3,false,sub_error
3,3,3,false,sub_error
3,3,3,false,insert_error
3,3,3,true,action_prior
3,3,3,true,substitution_temp
2,8,3,false,sub_error
2,8,3,false,sub_error
2,8,3,false,sub_error
2,8,3,false,insert_error
2,8,3,true,action_prior
2,8,3,true,substitution_temp
3,8,3,false,sub_error
3,8,3,false,sub_error
3,8,3,false,sub_error
3,8,3,false,insert_error
3,8,3,true,action_prior
3,8,3,true,substitution_temp
3,17,3,false,sub_error
3,17,3,false,sub_error
3,17,3,false,sub_error
3,17,3,false,insert_error
3,17,3,true,action_prior
3,17,3,true,substitution_temp
2,17,3,false,sub_error
2,17,3,false,sub_error
2,17,3,false,sub_error
2,17,3,false,insert_error
2,17,3,false,action_prior
2,17,3,true,substitution_temp
3,18,3,false,sub_error
3,18,3,false,sub_error
3,18,3,false,sub_error
3,18,3,false,insert_error
3,18,3,false,action_prior
3,18,3,true,substitution_temp
2,18,3,false,sub_error
2,18,3,false,sub_error
2,18,3,false,sub_error
2,18,3,false,insert_error
2,18,3,false,action_prior
2,18,3,true,substitution_temp
3,25,3,false,sub_error
3,25,3,false,sub_error
3,25,3,false,sub_error
3,25,3,false,insert_error
3,25,3,true,action_prior
3,25,3,true,substitution_temp
2,25,3,false,sub_error
2,25,3,false,sub_error
2,25,3,false,sub_error
2,25,3,false,insert_error
2,25,3,false,action_prior
2,25,3,true,substitution_temp
2,28,3,false,sub_error
2,28,3,false,sub_error
2,28,3,false,sub_error
2,28,3,false,insert_error
2,28,3,false,action_prior
2,28,3,true,substitution_temp
3,28,3,false,sub_error
3,28,3,false,sub_error
3,28,3,false,sub_error
3,28,3,false,insert_error
3,28,3,true,action_prior
3,28,3,true,substitution_temp
2,30,3,false,sub_error
2,30,3,false,sub_error
2,30,3,false,sub_error
2,30,3,false,insert_error
2,30,3,false,action_prior
2,30,3,true,substitution_temp
3,30,3,false,sub_error
3,30,3,false,sub_error
3,30,3,false,sub_error
3,30,3,false,insert_error
3,30,3,true,action_prior
3,30,3,true,substitution_temp
3,27,4,false,sub_error
3,27,4,false,sub_error
3,27,4,false,sub_error
3,27,4,false,insert_error
3,27,4,true,action_prior
3,27,4,true,substitution_temp
4,27,4,false,sub_error
4,27,4,false,sub_error
4,27,4,false,sub_error
4,27,4,false,insert_error
4,27,4,false,action_prior
4,27,4,true,substitution_temp
5,1,5,false,sub_error
5,1,5,false,sub_error
5,1,5,false,sub_error
5,1,5,false,insert_error
5,1,5,true,action_prior
5,1,5,true,substitution_temp
4,1,5,false,sub_error
4,1,5,false,sub_error
4,1,5,false,sub_error
4,1,5,false,insert_error
4,1,5,true,action_prior
4,1,5,true,substitution_temp
4,2,5,false,sub_error
4,2,5,false,sub_error
4,2,5,false,sub_error
4,2,5,false,insert_error
4,2,5,true,action_prior
4,2,5,true,substitution_temp
5,2,5,false,sub_error
5,2,5,false,sub_error
5,2,5,false,sub_error
5,2,5,false,insert_error
5,2,5,true,action_prior
5,2,5,true,substitution_temp
5,4,5,false,sub_error
5,4,5,false,sub_error
5,4,5,false,sub_error
5,4,5,false,insert_error
5,4,5,false,action_prior
5,4,5,true,substitution_temp
4,4,5,false,sub_error
4,4,5,false,sub_error
4,4,5,false,sub_error
4,4,5,false,insert_error
4,4,5,true,action_prior
4,4,5,true,substitution_temp
5,5,5,false,sub_error
5,5,5,false,sub_error
5,5,5,false,sub_error
5,5,5,false,insert_error
5,5,5,true,action_prior
5,5,5,true,substitution_temp
4,5,5,false,sub_error
4,5,5,false,sub_error
4,5,5,false,sub_error
4,5,5,false,insert_error
4,5,5,true,action_prior
4,5,5,true,substitution_temp
5,8,5,false,sub_error
5,8,5,false,sub_error
5,8,5,false,sub_error
5,8,5,false,insert_error
5,8,5,true,action_prior
5,8,5,true,substitution_temp
4,8,5,false,sub_error
4,8,5,false,sub_error
4,8,5,false,sub_error
4,8,5,false,insert_error
4,8,5,true,action_prior
4,8,5,true,substitution_temp
4,12,5,false,sub_error
4,12,5,false,sub_error
4,12,5,false,sub_error
4,12,5,false,insert_error
4,12,5,false,action_prior
4,12,5,true,substitution_temp
5,12,5,false,sub_error
5,12,5,false,sub_error
5,12,5,false,sub_error
5,12,5,false,insert_error
5,12,5,false,action_prior
5,12,5,true,substitution_temp
4,13,5,false,sub_error
4,13,5,false,sub_error
4,13,5,false,sub_error
4,13,5,false,insert_error
4,13,5,false,action_prior
4,13,5,true,substitution_temp
5,13,5,false,sub_error
5,13,5,false,sub_error
5,13,5,false,sub_error
5,13,5,false,insert_error
5,13,5,false,action_prior
5,13,5,true,substitution_temp
4,16,5,false,sub_error
4,16,5,false,sub_error
4,16,5,false,sub_error
4,16,5,false,insert_error
4,16,5,true,action_prior
4,16,5,true,substitution_temp
5,16,5,false,sub_error
5,16,5,false,sub_error
5,16,5,false,sub_error
5,16,5,false,insert_error
5,16,5,false,action_prior
5,16,5,true,substitution_temp
4,17,5,false,sub_error
4,17,5,false,sub_error
4,17,5,false,sub_error
4,17,5,false,insert_error
4,17,5,true,action_prior
4,17,5,true,substitution_temp
5,17,5,false,sub_error
5,17,5,false,sub_error
5,17,5,false,sub_error
5,17,5,false,insert_error
5,17,5,false,action_prior
5,17,5,true,substitution_temp
5,18,5,false,sub_error
5,18,5,false,sub_error
5,18,5,false,sub_error
5,18,5,false,insert_error
5,18,5,true,action_prior
5,18,5,true,substitution_temp
4,18,5,false,sub_error
4,18,5,false,sub_error
4,18,5,false,sub_error
4,18,5,false,insert_error
4,18,5,true,action_prior
4,18,5,true,substitution_temp
5,19,5,false,sub_error
5,19,5,false,sub_error
5,19,5,false,sub_error
5,19,5,false,insert_error
5,19,5,false,action_prior
5,19,5,true,substitution_temp
4,19,5,false,sub_error
4,19,5,false,sub_error
4,19,5,false,sub_error
4,19,5,false,insert_error
4,19,5,false,action_prior
4,19,5,true,substitution_temp
4,21,5,false,sub_error
4,21,5,false,sub_error
4,21,5,false,sub_error
4,21,5,false,insert_error
4,21,5,true,action_prior
4,21,5,true,substitution_temp
5,21,5,false,sub_error
5,21,5,false,sub_error
5,21,5,false,sub_error
5,21,5,false,insert_error
5,21,5,true,action_prior
5,21,5,true,substitution_temp
5,24,5,false,sub_error
5,24,5,false,sub_error
5,24,5,false,sub_error
5,24,5,false,insert_error
5,24,5,false,action_prior
5,24,5,true,substitution_temp
4,24,5,false,sub_error
4,24,5,false,sub_error
4,24,5,false,sub_error
4,24,5,false,insert_error
4,24,5,false,action_prior
4,24,5,true,substitution_temp
5,25,5,false,sub_error
5,25,5,false,sub_error
5,25,5,false,sub_error
5,25,5,false,insert_error
5,25,5,false,action_prior
5,25,5,true,substitution_temp
4,25,5,false,sub_error
4,25,5,false,sub_error
4,25,5,false,sub_error
4,25,5,false,insert_error
4,25,5,true,action_prior
4,25,5,true,substitution_temp
5,26,5,false,sub_error
5,26,5,false,sub_error
5,26,5,false,sub_error
5,26,5,false,insert_error
5,26,5,false,action_prior
5,26,5,true,substitution_temp
4,26,5,false,sub_error
4,26,5,false,sub_error
4,26,5,false,sub_error
4,26,5,false,insert_error
4,26,5,true,action_prior
4,26,5,true,substitution_temp
4,28,5,false,sub_error
4,28,5,false,sub_error
4,28,5,false,sub_error
4,28,5,false,insert_error
4,28,5,false,action_prior
4,28,5,true,substitution_temp
5,28,5,false,sub_error
5,28,5,true,sub_error
5,28,5,false,sub_error
5,28,5,false,insert_error
5,28,5,true,action_prior
5,28,5,true,substitution_temp
5,29,5,false,sub_error
5,29,5,false,sub_error
5,29,5,false,sub_error
5,29,5,false,insert_error
5,29,5,false,action_prior
5,29,5,true,substitution_temp
4,29,5,false,sub_error
4,29,5,false,sub_error
4,29,5,false,sub_error
4,29,5,false,insert_error
4,29,5,false,action_prior
4,29,5,true,substitution_temp
5,32,5,false,sub_error
5,32,5,false,sub_error
5,32,5,false,sub_error
5,32,5,false,insert_error
5,32,5,false,action_prior
5,32,5,true,substitution_temp
4,32,5,false,sub_error
4,32,5,false,sub_error
4,32,5,false,sub_error
4,32,5,false,insert_error
4,32,5,false,action_prior
4,32,5,true,substitution_temp
5,12,6,false,sub_error
5,12,6,false,sub_error
5,12,6,false,sub_error
5,12,6,false,insert_error
5,12,6,true,action_prior
5,12,6,true,substitution_temp
6,12,6,false,sub_error
6,12,6,false,sub_error
6,12,6,false,sub_error
6,12,6,false,insert_error
6,12,6,true,action_prior
6,12,6,true,substitution_temp
5,21,6,false,sub_error
5,21,6,false,sub_error
5,21,6,false,sub_error
5,21,6,false,insert_error
5,21,6,true,action_prior
5,21,6,true,substitution_temp
6,21,6,false,sub_error
6,21,6,false,sub_error
6,21,6,false,sub_error
6,21,6,false,insert_error
6,21,6,true,action_prior
6,21,6,true,substitution_temp
6,1,7,false,sub_error
6,1,7,false,sub_error
6,1,7,false,sub_error
6,1,7,false,insert_error
6,1,7,true,action_prior
6,1,7,true,substitution_temp
7,1,7,false,sub_error
7,1,7,false,sub_error
7,1,7,false,sub_error
7,1,7,false,insert_error
7,1,7,true,action_prior
7,1,7,true,substitution_temp
7,3,7,false,sub_error
7,3,7,false,sub_error
7,3,7,false,sub_error
7,3,7,false,insert_error
7,3,7,false,action_prior
7,3,7,true,substitution_temp
6,3,7,false,sub_error
6,3,7,false,sub_error
6,3,7,false,sub_error
6,3,7,false,insert_error
6,3,7,false,action_prior
6,3,7,true,substitution_temp
7,5,7,false,sub_error
7,5,7,false,sub_error
7,5,7,false,sub_error
7,5,7,false,insert_error
7,5,7,false,action_prior
7,5,7,true,substitution_temp
6,5,7,false,sub_error
6,5,7,false,sub_error
6,5,7,false,sub_error
6,5,7,false,insert_error
6,5,7,false,action_prior
6,5,7,true,substitution_temp
7,8,7,false,sub_error
7,8,7,false,sub_error
7,8,7,false,sub_error
7,8,7,false,insert_error
7,8,7,true,action_prior
7,8,7,true,substitution_temp
6,8,7,false,sub_error
6,8,7,false,sub_error
6,8,7,false,sub_error
6,8,7,true,insert_error
6,8,7,false,action_prior
6,8,7,true,substitution_temp
7,9,7,false,sub_error
7,9,7,false,sub_error
7,9,7,false,sub_error
7,9,7,false,insert_error
7,9,7,true,action_prior
7,9,7,true,substitution_temp
6,9,7,false,sub_error
6,9,7,false,sub_error
6,9,7,false,sub_error
6,9,7,false,insert_error
6,9,7,true,action_prior
6,9,7,true,substitution_temp
7,10,7,false,sub_error
7,10,7,false,sub_error
7,10,7,false,sub_error
7,10,7,false,insert_error
7,10,7,true,action_prior
7,10,7,false,substitution_temp
6,10,7,false,sub_error
6,10,7,false,sub_error
6,10,7,false,sub_error
6,10,7,false,insert_error
6,10,7,true,action_prior
6,10,7,false,substitution_temp
6,11,7,false,sub_error
6,11,7,false,sub_error
6,11,7,false,sub_error
6,11,7,false,insert_error
6,11,7,false,action_prior
6,11,7,true,substitution_temp
7,11,7,false,sub_error
7,11,7,false,sub_error
7,11,7,false,sub_error
7,11,7,false,insert_error
7,11,7,false,action_prior
7,11,7,true,substitution_temp
6,12,7,false,sub_error
6,12,7,false,sub_error
6,12,7,false,sub_error
6,12,7,false,insert_error
6,12,7,true,action_prior
6,12,7,true,substitution_temp
7,12,7,false,sub_error
7,12,7,false,sub_error
7,12,7,false,sub_error
7,12,7,false,insert_error
7,12,7,true,action_prior
7,12,7,true,substitution_temp
6,13,7,false,sub_error
6,13,7,false,sub_error
6,13,7,false,sub_error
6,13,7,false,insert_error
6,13,7,false,action_prior
6,13,7,true,substitution_temp
7,13,7,false,sub_error
7,13,7,false,sub_error
7,13,7,false,sub_error
7,13,7,false,insert_error
7,13,7,false,action_prior
7,13,7,true,substitution_temp
7,14,7,false,sub_error
7,14,7,false,sub_error
7,14,7,false,sub_error
7,14,7,false,insert_error
7,14,7,false,action_prior
7,14,7,true,substitution_temp
6,14,7,false,sub_error
6,14,7,false,sub_error
6,14,7,false,sub_error
6,14,7,false,insert_error
6,14,7,true,action_prior
6,14,7,true,substitution_temp
6,16,7,false,sub_error
6,16,7,false,sub_error
6,16,7,false,sub_error
6,16,7,false,insert_error
6,16,7,false,action_prior
6,16,7,true,substitution_temp
7,16,7,false,sub_error
7,16,7,false,sub_error
7,16,7,false,sub_error
7,16,7,false,insert_error
7,16,7,false,action_prior
7,16,7,true,substitution_temp
6,19,7,false,sub_error
6,19,7,false,sub_error
6,19,7,false,sub_error
6,19,7,false,insert_error
6,19,7,false,action_prior
6,19,7,true,substitution_temp
7,19,7,false,sub_error
7,19,7,false,sub_error
7,19,7,false,sub_error
7,19,7,false,insert_error
7,19,7,true,action_prior
7,19,7,true,substitution_temp
6,21,7,false,sub_error
6,21,7,false,sub_error
6,21,7,false,sub_error
6,21,7,false,insert_error
6,21,7,false,action_prior
6,21,7,true,substitution_temp
7,21,7,false,sub_error
7,21,7,false,sub_error
7,21,7,false,sub_error
7,21,7,false,insert_error
7,21,7,true,action_prior
7,21,7,true,substitution_temp
6,23,7,false,sub_error
6,23,7,false,sub_error
6,23,7,false,sub_error
6,23,7,false,insert_error
6,23,7,false,action_prior
6,23,7,true,substitution_temp
7,23,7,false,sub_error
7,23,7,false,sub_error
7,23,7,false,sub_error
7,23,7,false,insert_error
7,23,7,true,action_prior
7,23,7,true,substitution_temp
6,25,7,false,sub_error
6,25,7,false,sub_error
6,25,7,false,sub_error
6,25,7,false,insert_error
6,25,7,false,action_prior
6,25,7,true,substitution_temp
7,25,7,false,sub_error
7,25,7,false,sub_error
7,25,7,false,sub_error
7,25,7,false,insert_error
7,25,7,false,action_prior
7,25,7,true,substitution_temp
6,28,7,false,sub_error
6,28,7,false,sub_error
6,28,7,false,sub_error
6,28,7,false,insert_error
6,28,7,true,action_prior
6,28,7,true,substitution_temp
7,28,7,false,sub_error
7,28,7,false,sub_error
7,28,7,false,sub_error
7,28,7,false,insert_error
7,28,7,true,action_prior
7,28,7,true,substitution_temp
6,29,7,false,sub_error
6,29,7,false,sub_error
6,29,7,false,sub_error
6,29,7,false,insert_error
6,29,7,true,action_prior
6,29,7,true,substitution_temp
7,29,7,false,sub_error
7,29,7,false,sub_error
7,29,7,false,sub_error
7,29,7,false,insert_error
7,29,7,true,action_prior
7,29,7,true,substitution_temp
6,30,7,false,sub_error
6,30,7,false,sub_error
6,30,7,false,sub_error
6,30,7,true,insert_error
6,30,7,true,action_prior
6,30,7,true,substitution_temp
7,30,7,false,sub_error
7,30,7,false,sub_error
7,30,7,false,sub_error
7,30,7,false,insert_error
7,30,7,false,action_prior
7,30,7,true,substitution_temp
7,1,8,false,sub_error
7,1,8,false,sub_error
7,1,8,false,sub_error
7,1,8,false,insert_error
7,1,8,true,action_prior
7,1,8,true,substitution_temp
6,1,8,false,sub_error
6,1,8,false,sub_error
6,1,8,false,sub_error
6,1,8,false,insert_error
6,1,8,false,action_prior
6,1,8,true,substitution_temp
5,1,8,false,sub_error
5,1,8,false,sub_error
5,1,8,false,sub_error
5,1,8,false,insert_error
5,1,8,true,action_prior
5,1,8,true,substitution_temp
4,1,8,false,sub_error
4,1,8,false,sub_error
4,1,8,false,sub_error
4,1,8,false,insert_error
4,1,8,false,action_prior
4,1,8,true,substitution_temp
3,1,8,false,sub_error
3,1,8,false,sub_error
3,1,8,false,sub_error
3,1,8,false,insert_error
3,1,8,true,action_prior
3,1,8,true,substitution_temp
2,1,8,false,sub_error
2,1,8,false,sub_error
2,1,8,false,sub_error
2,1,8,false,insert_error
2,1,8,true,action_prior
2,1,8,true,substitution_temp
1,1,8,false,sub_error
1,1,8,false,sub_error
1,1,8,false,sub_error
1,1,8,false,insert_error
1,1,8,true,action_prior
1,1,8,true,substitution_temp
8,1,8,false,sub_error
8,1,8,false,sub_error
8,1,8,false,sub_error
8,1,8,false,insert_error
8,1,8,false,action_prior
8,1,8,true,substitution_temp
3,2,8,false,sub_error
3,2,8,false,sub_error
3,2,8,false,sub_error
3,2,8,false,insert_error
3,2,8,false,action_prior
3,2,8,true,substitution_temp
8,2,8,false,sub_error
8,2,8,false,sub_error
8,2,8,false,sub_error
8,2,8,false,insert_error
8,2,8,false,action_prior
8,2,8,true,substitution_temp
5,2,8,false,sub_error
5,2,8,false,sub_error
5,2,8,false,sub_error
5,2,8,false,insert_error
5,2,8,false,action_prior
5,2,8,true,substitution_temp
1,2,8,false,sub_error
1,2,8,false,sub_error
1,2,8,false,sub_error
1,2,8,false,insert_error
1,2,8,false,action_prior
1,2,8,true,substitution_temp
4,2,8,false,sub_error
4,2,8,false,sub_error
4,2,8,false,sub_error
4,2,8,false,insert_error
4,2,8,false,action_prior
4,2,8,true,substitution_temp
7,2,8,false,sub_error
7,2,8,false,sub_error
7,2,8,false,sub_error
7,2,8,false,insert_error
7,2,8,false,action_prior
7,2,8,true,substitution_temp
6,2,8,false,sub_error
6,2,8,false,sub_error
6,2,8,false,sub_error
6,2,8,false,insert_error
6,2,8,false,action_prior
6,2,8,true,substitution_temp
2,2,8,false,sub_error
2,2,8,false,sub_error
2,2,8,false,sub_error
2,2,8,false,insert_error
2,2,8,false,action_prior
2,2,8,true,substitution_temp
6,3,8,false,sub_error
6,3,8,false,sub_error
6,3,8,false,sub_error
6,3,8,false,insert_error
6,3,8,false,action_prior
6,3,8,true,substitution_temp
3,3,8,false,sub_error
3,3,8,false,sub_error
3,3,8,false,sub_error
3,3,8,false,insert_error
3,3,8,true,action_prior
3,3,8,true,substitution_temp
2,3,8,false,sub_error
2,3,8,false,sub_error
2,3,8,false,sub_error
2,3,8,false,insert_error
2,3,8,true,action_prior
2,3,8,true,substitution_temp
7,3,8,false,sub_error
7,3,8,false,sub_error
7,3,8,false,sub_error
7,3,8,false,insert_error
7,3,8,false,action_prior
7,3,8,true,substitution_temp
1,3,8,false,sub_error
1,3,8,false,sub_error
1,3,8,false,sub_error
1,3,8,false,insert_error
1,3,8,true,action_prior
1,3,8,true,substitution_temp
5,3,8,false,sub_error
5,3,8,false,sub_error
5,3,8,false,sub_error
5,3,8,false,insert_error
5,3,8,true,action_prior
5,3,8,true,substitution_temp
4,3,8,false,sub_error
4,3,8,false,sub_error
4,3,8,false,sub_error
4,3,8,false,insert_error
4,3,8,true,action_prior
4,3,8,true,substitution_temp
8,3,8,false,sub_error
8,3,8,false,sub_error
8,3,8,false,sub_error
8,3,8,false,insert_error
8,3,8,false,action_prior
8,3,8,true,substitution_temp
8,4,8,false,sub_error
8,4,8,false,sub_error
8,4,8,false,sub_error
8,4,8,false,insert_error
8,4,8,false,action_prior
8,4,8,true,substitution_temp
5,4,8,false,sub_error
5,4,8,false,sub_error
5,4,8,false,sub_error
5,4,8,false,insert_error
5,4,8,true,action_prior
5,4,8,true,substitution_temp
3,4,8,false,sub_error
3,4,8,false,sub_error
3,4,8,false,sub_error
3,4,8,false,insert_error
3,4,8,false,action_prior
3,4,8,true,substitution_temp
6,4,8,false,sub_error
6,4,8,false,sub_error
6,4,8,false,sub_error
6,4,8,false,insert_error
6,4,8,false,action_prior
6,4,8,true,substitution_temp
2,4,8,false,sub_error
2,4,8,false,sub_error
2,4,8,false,sub_error
2,4,8,false,insert_error
2,4,8,false,action_prior
2,4,8,true,substitution_temp
7,4,8,false,sub_error
7,4,8,false,sub_error
7,4,8,false,sub_error
7,4,8,false,insert_error
7,4,8,false,action_prior
7,4,8,true,substitution_temp
4,4,8,false,sub_error
4,4,8,false,sub_error
4,4,8,false,sub_error
4,4,8,false,insert_error
4,4,8,false,action_prior
4,4,8,true,substitution_temp
1,4,8,false,sub_error
1,4,8,false,sub_error
1,4,8,false,sub_error
1,4,8,false,insert_error
1,4,8,false,action_prior
1,4,8,true,substitution_temp
4,5,8,false,sub_error
4,5,8,false,sub_error
4,5,8,false,sub_error
4,5,8,false,insert_error
4,5,8,false,action_prior
4,5,8,true,substitution_temp
8,5,8,false,sub_error
8,5,8,false,sub_error
8,5,8,false,sub_error
8,5,8,false,insert_error
8,5,8,false,action_prior
8,5,8,true,substitution_temp
2,5,8,false,sub_error
2,5,8,false,sub_error
2,5,8,false,sub_error
2,5,8,false,insert_error
2,5,8,true,action_prior
2,5,8,true,substitution_temp
6,5,8,false,sub_error
6,5,8,false,sub_error
6,5,8,false,sub_error
6,5,8,false,insert_error
6,5,8,false,action_prior
6,5,8,true,substitution_temp
5,5,8,false,sub_error
5,5,8,false,sub_error
5,5,8,false,sub_error
5,5,8,false,insert_error
5,5,8,true,action_prior
5,5,8,true,substitution_temp
7,5,8,false,sub_error
7,5,8,false,sub_error
7,5,8,false,sub_error
7,5,8,false,insert_error
7,5,8,true,action_prior
7,5,8,true,substitution_temp
1,5,8,false,sub_error
1,5,8,false,sub_error
1,5,8,false,sub_error
1,5,8,false,insert_error
1,5,8,false,action_prior
1,5,8,true,substitution_temp
3,5,8,false,sub_error
3,5,8,false,sub_error
3,5,8,false,sub_error
3,5,8,false,insert_error
3,5,8,true,action_prior
3,5,8,true,substitution_temp
3,6,8,false,sub_error
3,6,8,false,sub_error
3,6,8,false,sub_error
3,6,8,false,insert_error
3,6,8,false,action_prior
3,6,8,true,substitution_temp
8,6,8,false,sub_error
8,6,8,false,sub_error
8,6,8,false,sub_error
8,6,8,false,insert_error
8,6,8,false,action_prior
8,6,8,true,substitution_temp
5,6,8,false,sub_error
5,6,8,false,sub_error
5,6,8,false,sub_error
5,6,8,false,insert_error
5,6,8,false,action_prior
5,6,8,true,substitution_temp
6,6,8,false,sub_error
6,6,8,false,sub_error
6,6,8,false,sub_error
6,6,8,false,insert_error
6,6,8,false,action_prior
6,6,8,true,substitution_temp
4,6,8,false,sub_error
4,6,8,false,sub_error
4,6,8,false,sub_error
4,6,8,false,insert_error
4,6,8,false,action_prior
4,6,8,true,substitution_temp
1,6,8,false,sub_error
1,6,8,false,sub_error
1,6,8,false,sub_error
1,6,8,false,insert_error
1,6,8,false,action_prior
1,6,8,true,substitution_temp
2,6,8,false,sub_error
2,6,8,false,sub_error
2,6,8,false,sub_error
2,6,8,false,insert_error
2,6,8,true,action_prior
2,6,8,true,substitution_temp
7,6,8,false,sub_error
7,6,8,false,sub_error
7,6,8,false,sub_error
7,6,8,false,insert_error
7,6,8,true,action_prior
7,6,8,true,substitution_temp
1,7,8,false,sub_error
1,7,8,false,sub_error
1,7,8,false,sub_error
1,7,8,false,insert_error
1,7,8,false,action_prior
1,7,8,true,substitution_temp
7,7,8,false,sub_error
7,7,8,false,sub_error
7,7,8,false,sub_error
7,7,8,false,insert_error
7,7,8,false,action_prior
7,7,8,true,substitution_temp
8,7,8,false,sub_error
8,7,8,false,sub_error
8,7,8,false,sub_error
8,7,8,false,insert_error
8,7,8,true,action_prior
8,7,8,true,substitution_temp
3,7,8,false,sub_error
3,7,8,false,sub_error
3,7,8,false,sub_error
3,7,8,false,insert_error
3,7,8,true,action_prior
3,7,8,true,substitution_temp
4,7,8,false,sub_error
4,7,8,false,sub_error
4,7,8,false,sub_error
4,7,8,false,insert_error
4,7,8,false,action_prior
4,7,8,true,substitution_temp
5,7,8,false,sub_error
5,7,8,false,sub_error
5,7,8,false,sub_error
5,7,8,false,insert_error
5,7,8,false,action_prior
5,7,8,true,substitution_temp
6,7,8,false,sub_error
6,7,8,false,sub_error
6,7,8,false,sub_error
6,7,8,false,insert_error
6,7,8,true,action_prior
6,7,8,true,substitution_temp
2,7,8,false,sub_error
2,7,8,false,sub_error
2,7,8,false,sub_error
2,7,8,false,insert_error
2,7,8,false,action_prior
2,7,8,true,substitution_temp
2,8,8,false,sub_error
2,8,8,false,sub_error
2,8,8,false,sub_error
2,8,8,false,insert_error
2,8,8,false,action_prior
2,8,8,true,substitution_temp
8,8,8,false,sub_error
8,8,8,false,sub_error
8,8,8,false,sub_error
8,8,8,false,insert_error
8,8,8,false,action_prior
8,8,8,true,substitution_temp
1,8,8,false,sub_error
1,8,8,false,sub_error
1,8,8,false,sub_error
1,8,8,false,insert_error
1,8,8,false,action_prior
1,8,8,true,substitution_temp
7,8,8,false,sub_error
7,8,8,false,sub_error
7,8,8,false,sub_error
7,8,8,false,insert_error
7,8,8,false,action_prior
7,8,8,true,substitution_temp
3,8,8,false,sub_error
3,8,8,false,sub_error
3,8,8,false,sub_error
3,8,8,false,insert_error
3,8,8,false,action_prior
3,8,8,true,substitution_temp
4,8,8,false,sub_error
4,8,8,false,sub_error
4,8,8,false,sub_error
4,8,8,false,insert_error
4,8,8,false,action_prior
4,8,8,true,substitution_temp
6,8,8,false,sub_error
6,8,8,false,sub_error
6,8,8,false,sub_error
6,8,8,true,insert_error
6,8,8,true,action_prior
6,8,8,true,substitution_temp
5,8,8,false,sub_error
5,8,8,false,sub_error
5,8,8,false,sub_error
5,8,8,false,insert_error
5,8,8,true,action_prior
5,8,8,true,substitution_temp
7,9,8,false,sub_error
7,9,8,true,sub_error
7,9,8,false,sub_error
7,9,8,false,insert_error
7,9,8,true,action_prior
7,9,8,true,substitution_temp
1,9,8,false,sub_error
1,9,8,false,sub_error
1,9,8,false,sub_error
1,9,8,false,insert_error
1,9,8,false,action_prior
1,9,8,true,substitution_temp
6,9,8,false,sub_error
6,9,8,false,sub_error
6,9,8,false,sub_error
6,9,8,false,insert_error
6,9,8,true,action_prior
6,9,8,true,substitution_temp
5,9,8,false,sub_error
5,9,8,false,sub_error
5,9,8,false,sub_error
5,9,8,false,insert_error
5,9,8,false,action_prior
5,9,8,true,substitution_temp
3,9,8,false,sub_error
3,9,8,false,sub_error
3,9,8,false,sub_error
3,9,8,false,insert_error
3,9,8,false,action_prior
3,9,8,true,substitution_temp
8,9,8,false,sub_error
8,9,8,false,sub_error
8,9,8,false,sub_error
8,9,8,false,insert_error
8,9,8,false,action_prior
8,9,8,true,substitution_temp
4,9,8,false,sub_error
4,9,8,false,sub_error
4,9,8,false,sub_error
4,9,8,false,insert_error
4,9,8,false,action_prior
4,9,8,true,substitution_temp
2,9,8,false,sub_error
2,9,8,false,sub_error
2,9,8,false,sub_error
2,9,8,false,insert_error
2,9,8,false,action_prior
2,9,8,true,substitution_temp
1,10,8,false,sub_error
1,10,8,false,sub_error
1,10,8,false,sub_error
1,10,8,false,insert_error
1,10,8,false,action_prior
1,10,8,true,substitution_temp
3,10,8,false,sub_error
3,10,8,false,sub_error
3,10,8,false,sub_error
3,10,8,false,insert_error
3,10,8,false,action_prior
3,10,8,true,substitution_temp
2,10,8,false,sub_error
2,10,8,false,sub_error
2,10,8,false,sub_error
2,10,8,false,insert_error
2,10,8,false,action_prior
2,10,8,true,substitution_temp
7,10,8,false,sub_error
7,10,8,false,sub_error
7,10,8,false,sub_error
7,10,8,false,insert_error
7,10,8,true,action_prior
7,10,8,true,substitution_temp
5,10,8,true,sub_error
5,10,8,false,sub_error
5,10,8,false,sub_error
5,10,8,false,insert_error
5,10,8,false,action_prior
5,10,8,true,substitution_temp
4,10,8,false,sub_error
4,10,8,false,sub_error
4,10,8,false,sub_error
4,10,8,false,insert_error
4,10,8,false,action_prior
4,10,8,true,substitution_temp
8,10,8,false,sub_error
8,10,8,false,sub_error
8,10,8,false,sub_error
8,10,8,false,insert_error
8,10,8,false,action_prior
8,10,8,true,substitution_temp
6,10,8,false,sub_error
6,10,8,false,sub_error
6,10,8,false,sub_error
6,10,8,false,insert_error
6,10,8,false,action_prior
6,10,8,true,substitution_temp
2,11,8,false,sub_error
2,11,8,false,sub_error
2,11,8,false,sub_error
2,11,8,false,insert_error
2,11,8,true,action_prior
2,11,8,true,substitution_temp
5,11,8,false,sub_error
5,11,8,false,sub_error
5,11,8,false,sub_error
5,11,8,false,insert_error
5,11,8,true,action_prior
5,11,8,true,substitution_temp
1,11,8,false,sub_error
1,11,8,false,sub_error
1,11,8,false,sub_error
1,11,8,false,insert_error
1,11,8,true,action_prior
1,11,8,true,substitution_temp
7,11,8,false,sub_error
7,11,8,false,sub_error
7,11,8,false,sub_error
7,11,8,false,insert_error
7,11,8,false,action_prior
7,11,8,true,substitution_temp
3,11,8,false,sub_error
3,11,8,false,sub_error
3,11,8,false,sub_error
3,11,8,false,insert_error
3,11,8,true,action_prior
3,11,8,true,substitution_temp
8,11,8,false,sub_error
8,11,8,false,sub_error
8,11,8,false,sub_error
8,11,8,false,insert_error
8,11,8,true,action_prior
8,11,8,true,substitution_temp
6,11,8,false,sub_error
6,11,8,false,sub_error
6,11,8,false,sub_error
6,11,8,false,insert_error
6,11,8,true,action_prior
6,11,8,true,substitution_temp
4,11,8,false,sub_error
4,11,8,false,sub_error
4,11,8,false,sub_error
4,11,8,false,insert_error
4,11,8,true,action_prior
4,11,8,true,substitution_temp
1,12,8,false,sub_error
1,12,8,false,sub_error
1,12,8,false,sub_error
1,12,8,false,insert_error
1,12,8,false,action_prior
1,12,8,true,substitution_temp
4,12,8,false,sub_error
4,12,8,false,sub_error
4,12,8,false,sub_error
4,12,8,false,insert_error
4,12,8,true,action_prior
4,12,8,true,substitution_temp
5,12,8,false,sub_error
5,12,8,false,sub_error
5,12,8,false,sub_error
5,12,8,false,insert_error
5,12,8,true,action_prior
5,12,8,true,substitution_temp
8,12,8,false,sub_error
8,12,8,false,sub_error
8,12,8,false,sub_error
8,12,8,false,insert_error
8,12,8,false,action_prior
8,12,8,true,substitution_temp
2,12,8,false,sub_error
2,12,8,false,sub_error
2,12,8,false,sub_error
2,12,8,false,insert_error
2,12,8,false,action_prior
2,12,8,true,substitution_temp
3,12,8,false,sub_error
3,12,8,false,sub_error
3,12,8,false,sub_error
3,12,8,false,insert_error
3,12,8,false,action_prior
3,12,8,true,substitution_temp
6,12,8,false,sub_error
6,12,8,false,sub_error
6,12,8,false,sub_error
6,12,8,false,insert_error
6,12,8,false,action_prior
6,12,8,true,substitution_temp
7,12,8,false,sub_error
7,12,8,false,sub_error
7,12,8,false,sub_error
7,12,8,false,insert_error
7,12,8,false,action_prior
7,12,8,true,substitution_temp
4,13,8,false,sub_error
4,13,8,false,sub_error
4,13,8,false,sub_error
4,13,8,false,insert_error
4,13,8,false,action_prior
4,13,8,true,substitution_temp
5,13,8,false,sub_error
5,13,8,false,sub_error
5,13,8,false,sub_error
5,13,8,false,insert_error
5,13,8,true,action_prior
5,13,8,true,substitution_temp
6,13,8,false,sub_error
6,13,8,false,sub_error
6,13,8,false,sub_error
6,13,8,false,insert_error
6,13,8,true,action_prior
6,13,8,true,substitution_temp
8,13,8,false,sub_error
8,13,8,false,sub_error
8,13,8,false,sub_error
8,13,8,false,insert_error
8,13,8,true,action_prior
8,13,8,true,substitution_temp
3,13,8,false,sub_error
3,13,8,false,sub_error
3,13,8,false,sub_error
3,13,8,false,insert_error
3,13,8,true,action_prior
3,13,8,true,substitution_temp
7,13,8,false,sub_error
7,13,8,false,sub_error
7,13,8,false,sub_error
7,13,8,false,insert_error
7,13,8,false,action_prior
7,13,8,true,substitution_temp
2,13,8,false,sub_error
2,13,8,false,sub_error
2,13,8,false,sub_error
2,13,8,false,insert_error
2,13,8,true,action_prior
2,13,8,true,substitution_temp
1,13,8,false,sub_error
1,13,8,false,sub_error
1,13,8,false,sub_error
1,13,8,false,insert_error
1,13,8,true,action_prior
1,13,8,true,substitution_temp
3,14,8,false,sub_error
3,14,8,false,sub_error
3,14,8,false,sub_error
3,14,8,false,insert_error
3,14,8,true,action_prior
3,14,8,true,substitution_temp
5,14,8,false,sub_error
5,14,8,false,sub_error
5,14,8,false,sub_error
5,14,8,false,insert_error
5,14,8,false,action_prior
5,14,8,true,substitution_temp
2,14,8,false,sub_error
2,14,8,false,sub_error
2,14,8,false,sub_error
2,14,8,false,insert_error
2,14,8,true,action_prior
2,14,8,true,substitution_temp
4,14,8,false,sub_error
4,14,8,false,sub_error
4,14,8,false,sub_error
4,14,8,false,insert_error
4,14,8,false,action_prior
4,14,8,true,substitution_temp
1,14,8,false,sub_error
1,14,8,false,sub_error
1,14,8,false,sub_error
1,14,8,false,insert_error
1,14,8,true,action_prior
1,14,8,true,substitution_temp
7,14,8,false,sub_error
7,14,8,false,sub_error
7,14,8,false,sub_error
7,14,8,false,insert_error
7,14,8,false,action_prior
7,14,8,true,substitution_temp
8,14,8,false,sub_error
8,14,8,false,sub_error
8,14,8,false,sub_error
8,14,8,false,insert_error
8,14,8,true,action_prior
8,14,8,true,substitution_temp
6,14,8,false,sub_error
6,14,8,false,sub_error
6,14,8,false,sub_error
6,14,8,false,insert_error
6,14,8,true,action_prior
6,14,8,true,substitution_temp
5,15,8,false,sub_error
5,15,8,false,sub_error
5,15,8,false,sub_error
5,15,8,false,insert_error
5,15,8,false,action_prior
5,15,8,true,substitution_temp
6,15,8,false,sub_error
6,15,8,false,sub_error
6,15,8,false,sub_error
6,15,8,false,insert_error
6,15,8,false,action_prior
6,15,8,true,substitution_temp
2,15,8,false,sub_error
2,15,8,false,sub_error
2,15,8,false,sub_error
2,15,8,false,insert_error
2,15,8,false,action_prior
2,15,8,true,substitution_temp
8,15,8,false,sub_error
8,15,8,false,sub_error
8,15,8,false,sub_error
8,15,8,false,insert_error
8,15,8,false,action_prior
8,15,8,true,substitution_temp
4,15,8,false,sub_error
4,15,8,false,sub_error
4,15,8,false,sub_error
4,15,8,false,insert_error
4,15,8,false,action_prior
4,15,8,true,substitution_temp
3,15,8,false,sub_error
3,15,8,false,sub_error
3,15,8,false,sub_error
3,15,8,false,insert_error
3,15,8,false,action_prior
3,15,8,true,substitution_temp
7,15,8,false,sub_error
7,15,8,false,sub_error
7,15,8,false,sub_error
7,15,8,false,insert_error
7,15,8,false,action_prior
7,15,8,true,substitution_temp
1,15,8,false,sub_error
1,15,8,false,sub_error
1,15,8,false,sub_error
1,15,8,false,insert_error
1,15,8,false,action_prior
1,15,8,true,substitution_temp
2,16,8,false,sub_error
2,16,8,false,sub_error
2,16,8,false,sub_error
2,16,8,false,insert_error
2,16,8,false,action_prior
2,16,8,true,substitution_temp
5,16,8,false,sub_error
5,16,8,false,sub_error
5,16,8,false,sub_error
5,16,8,false,insert_error
5,16,8,false,action_prior
5,16,8,true,substitution_temp
4,16,8,false,sub_error
4,16,8,false,sub_error
4,16,8,false,sub_error
4,16,8,false,insert_error
4,16,8,false,action_prior
4,16,8,true,substitution_temp
3,16,8,false,sub_error
3,16,8,false,sub_error
3,16,8,false,sub_error
3,16,8,false,insert_error
3,16,8,true,action_prior
3,16,8,true,substitution_temp
7,16,8,false,sub_error
7,16,8,false,sub_error
7,16,8,false,sub_error
7,16,8,false,insert_error
7,16,8,false,action_prior
7,16,8,true,substitution_temp
8,16,8,false,sub_error
8,16,8,false,sub_error
8,16,8,false,sub_error
8,16,8,false,insert_error
8,16,8,false,action_prior
8,16,8,true,substitution_temp
1,16,8,false,sub_error
1,16,8,false,sub_error
1,16,8,false,sub_error
1,16,8,false,insert_error
1,16,8,false,action_prior
1,16,8,true,substitution_temp
6,16,8,false,sub_error
6,16,8,false,sub_error
6,16,8,false,sub_error
6,16,8,false,insert_error
6,16,8,true,action_prior
6,16,8,true,substitution_temp
5,17,8,false,sub_error
5,17,8,false,sub_error
5,17,8,false,sub_error
5,17,8,false,insert_error
5,17,8,true,action_prior
5,17,8,true,substitution_temp
8,17,8,false,sub_error
8,17,8,false,sub_error
8,17,8,false,sub_error
8,17,8,false,insert_error
8,17,8,true,action_prior
8,17,8,true,substitution_temp
1,17,8,false,sub_error
1,17,8,false,sub_error
1,17,8,false,sub_error
1,17,8,false,insert_error
1,17,8,false,action_prior
1,17,8,true,substitution_temp
7,17,8,false,sub_error
7,17,8,false,sub_error
7,17,8,false,sub_error
7,17,8,false,insert_error
7,17,8,false,action_prior
7,17,8,true,substitution_temp
4,17,8,false,sub_error
4,17,8,false,sub_error
4,17,8,false,sub_error
4,17,8,false,insert_error
4,17,8,true,action_prior
4,17,8,true,substitution_temp
6,17,8,false,sub_error
6,17,8,false,sub_error
6,17,8,false,sub_error
6,17,8,false,insert_error
6,17,8,false,action_prior
6,17,8,true,substitution_temp
3,17,8,false,sub_error
3,17,8,false,sub_error
3,17,8,false,sub_error
3,17,8,false,insert_error
3,17,8,false,action_prior
3,17,8,true,substitution_temp
2,17,8,false,sub_error
2,17,8,false,sub_error
2,17,8,false,sub_error
2,17,8,false,insert_error
2,17,8,false,action_prior
2,17,8,true,substitution_temp
5,18,8,false,sub_error
5,18,8,false,sub_error
5,18,8,false,sub_error
5,18,8,false,insert_error
5,18,8,false,action_prior
5,18,8,true,substitution_temp
1,18,8,false,sub_error
1,18,8,false,sub_error
1,18,8,false,sub_error
1,18,8,false,insert_error
1,18,8,false,action_prior
1,18,8,true,substitution_temp
8,18,8,false,sub_error
8,18,8,false,sub_error
8,18,8,false,sub_error
8,18,8,false,insert_error
8,18,8,true,action_prior
8,18,8,true,substitution_temp
3,18,8,false,sub_error
3,18,8,false,sub_error
3,18,8,false,sub_error
3,18,8,false,insert_error
3,18,8,true,action_prior
3,18,8,true,substitution_temp
4,18,8,false,sub_error
4,18,8,false,sub_error
4,18,8,false,sub_error
4,18,8,false,insert_error
4,18,8,false,action_prior
4,18,8,true,substitution_temp
6,18,8,false,sub_error
6,18,8,false,sub_error
6,18,8,false,sub_error
6,18,8,false,insert_error
6,18,8,false,action_prior
6,18,8,true,substitution_temp
7,18,8,false,sub_error
7,18,8,false,sub_error
7,18,8,false,sub_error
7,18,8,false,insert_error
7,18,8,false,action_prior
7,18,8,true,substitution_temp
2,18,8,false,sub_error
2,18,8,false,sub_error
2,18,8,false,sub_error
2,18,8,false,insert_error
2,18,8,true,action_prior
2,18,8,true,substitution_temp
3,19,8,false,sub_error
3,19,8,false,sub_error
3,19,8,false,sub_error
3,19,8,false,insert_error
3,19,8,false,action_prior
3,19,8,true,substitution_temp
8,19,8,false,sub_error
8,19,8,false,sub_error
8,19,8,false,sub_error
8,19,8,false,insert_error
8,19,8,false,action_prior
8,19,8,true,substitution_temp
7,19,8,false,sub_error
7,19,8,false,sub_error
7,19,8,false,sub_error
7,19,8,false,insert_error
7,19,8,true,action_prior
7,19,8,true,substitution_temp
2,19,8,false,sub_error
2,19,8,false,sub_error
2,19,8,false,sub_error
2,19,8,false,insert_error
2,19,8,false,action_prior
2,19,8,true,substitution_temp
1,19,8,false,sub_error
1,19,8,false,sub_error
1,19,8,false,sub_error
1,19,8,false,insert_error
1,19,8,false,action_prior
1,19,8,true,substitution_temp
5,19,8,false,sub_error
5,19,8,false,sub_error
5,19,8,false,sub_error
5,19,8,false,insert_error
5,19,8,true,action_prior
5,19,8,true,substitution_temp
4,19,8,false,sub_error
4,19,8,false,sub_error
4,19,8,false,sub_error
4,19,8,false,insert_error
4,19,8,true,action_prior
4,19,8,true,substitution_temp
6,19,8,false,sub_error
6,19,8,false,sub_error
6,19,8,false,sub_error
6,19,8,false,insert_error
6,19,8,true,action_prior
6,19,8,true,substitution_temp
4,20,8,false,sub_error
4,20,8,false,sub_error
4,20,8,false,sub_error
4,20,8,false,insert_error
4,20,8,true,action_prior
4,20,8,true,substitution_temp
2,20,8,false,sub_error
2,20,8,false,sub_error
2,20,8,false,sub_error
2,20,8,false,insert_error
2,20,8,true,action_prior
2,20,8,true,substitution_temp
3,20,8,false,sub_error
3,20,8,false,sub_error
3,20,8,false,sub_error
3,20,8,false,insert_error
3,20,8,false,action_prior
3,20,8,true,substitution_temp
8,20,8,false,sub_error
8,20,8,false,sub_error
8,20,8,false,sub_error
8,20,8,false,insert_error
8,20,8,true,action_prior
8,20,8,true,substitution_temp
6,20,8,false,sub_error
6,20,8,false,sub_error
6,20,8,false,sub_error
6,20,8,false,insert_error
6,20,8,true,action_prior
6,20,8,true,substitution_temp
1,20,8,false,sub_error
1,20,8,false,sub_error
1,20,8,false,sub_error
1,20,8,false,insert_error
1,20,8,false,action_prior
1,20,8,true,substitution_temp
7,20,8,false,sub_error
7,20,8,false,sub_error
7,20,8,false,sub_error
7,20,8,false,insert_error
7,20,8,true,action_prior
7,20,8,true,substitution_temp
5,20,8,false,sub_error
5,20,8,false,sub_error
5,20,8,false,sub_error
5,20,8,false,insert_error
5,20,8,false,action_prior
5,20,8,true,substitution_temp
4,21,8,false,sub_error
4,21,8,false,sub_error
4,21,8,false,sub_error
4,21,8,false,insert_error
4,21,8,true,action_prior
4,21,8,true,substitution_temp
1,21,8,false,sub_error
1,21,8,false,sub_error
1,21,8,false,sub_error
1,21,8,false,insert_error
1,21,8,false,action_prior
1,21,8,true,substitution_temp
5,21,8,false,sub_error
5,21,8,false,sub_error
5,21,8,false,sub_error
5,21,8,false,insert_error
5,21,8,false,action_prior
5,21,8,true,substitution_temp
2,21,8,false,sub_error
2,21,8,false,sub_error
2,21,8,false,sub_error
2,21,8,false,insert_error
2,21,8,false,action_prior
2,21,8,true,substitution_temp
8,21,8,false,sub_error
8,21,8,false,sub_error
8,21,8,false,sub_error
8,21,8,false,insert_error
8,21,8,false,action_prior
8,21,8,true,substitution_temp
6,21,8,false,sub_error
6,21,8,false,sub_error
6,21,8,false,sub_error
6,21,8,false,insert_error
6,21,8,false,action_prior
6,21,8,true,substitution_temp
3,21,8,false,sub_error
3,21,8,false,sub_error
3,21,8,false,sub_error
3,21,8,false,insert_error
3,21,8,false,action_prior
3,21,8,true,substitution_temp
7,21,8,false,sub_error
7,21,8,false,sub_error
7,21,8,false,sub_error
7,21,8,false,insert_error
7,21,8,false,action_prior
7,21,8,true,substitution_temp
2,22,8,false,sub_error
2,22,8,false,sub_error
2,22,8,false,sub_error
2,22,8,false,insert_error
2,22,8,false,action_prior
2,22,8,true,substitution_temp
3,22,8,false,sub_error
3,22,8,false,sub_error
3,22,8,false,sub_error
3,22,8,false,insert_error
3,22,8,false,action_prior
3,22,8,true,substitution_temp
8,22,8,false,sub_error
8,22,8,false,sub_error
8,22,8,false,sub_error
8,22,8,false,insert_error
8,22,8,false,action_prior
8,22,8,true,substitution_temp
6,22,8,false,sub_error
6,22,8,false,sub_error
6,22,8,false,sub_error
6,22,8,false,insert_error
6,22,8,true,action_prior
6,22,8,true,substitution_temp
1,22,8,false,sub_error
1,22,8,false,sub_error
1,22,8,false,sub_error
1,22,8,false,insert_error
1,22,8,false,action_prior
1,22,8,true,substitution_temp
7,22,8,false,sub_error
7,22,8,false,sub_error
7,22,8,false,sub_error
7,22,8,false,insert_error
7,22,8,false,action_prior
7,22,8,true,substitution_temp
5,22,8,false,sub_error
5,22,8,false,sub_error
5,22,8,false,sub_error
5,22,8,false,insert_error
5,22,8,false,action_prior
5,22,8,true,substitution_temp
4,22,8,false,sub_error
4,22,8,false,sub_error
4,22,8,false,sub_error
4,22,8,false,insert_error
4,22,8,false,action_prior
4,22,8,true,substitution_temp
5,23,8,false,sub_error
5,23,8,false,sub_error
5,23,8,false,sub_error
5,23,8,false,insert_error
5,23,8,false,action_prior
5,23,8,true,substitution_temp
7,23,8,false,sub_error
7,23,8,false,sub_error
7,23,8,false,sub_error
7,23,8,false,insert_error
7,23,8,false,action_prior
7,23,8,true,substitution_temp
4,23,8,false,sub_error
4,23,8,false,sub_error
4,23,8,false,sub_error
4,23,8,false,insert_error
4,23,8,true,action_prior
4,23,8,true,substitution_temp
2,23,8,false,sub_error
2,23,8,false,sub_error
2,23,8,false,sub_error
2,23,8,false,insert_error
2,23,8,true,action_prior
2,23,8,true,substitution_temp
3,23,8,false,sub_error
3,23,8,false,sub_error
3,23,8,false,sub_error
3,23,8,false,insert_error
3,23,8,true,action_prior
3,23,8,true,substitution_temp
8,23,8,false,sub_error
8,23,8,false,sub_error
8,23,8,false,sub_error
8,23,8,false,insert_error
8,23,8,false,action_prior
8,23,8,true,substitution_temp
6,23,8,false,sub_error
6,23,8,false,sub_error
6,23,8,false,sub_error
6,23,8,false,insert_error
6,23,8,false,action_prior
6,23,8,true,substitution_temp
1,23,8,false,sub_error
1,23,8,false,sub_error
1,23,8,false,sub_error
1,23,8,false,insert_error
1,23,8,true,action_prior
1,23,8,true,substitution_temp
7,24,8,false,sub_error
7,24,8,false,sub_error
7,24,8,false,sub_error
7,24,8,false,insert_error
7,24,8,false,action_prior
7,24,8,true,substitution_temp
3,24,8,false,sub_error
3,24,8,false,sub_error
3,24,8,false,sub_error
3,24,8,false,insert_error
3,24,8,false,action_prior
3,24,8,true,substitution_temp
6,24,8,false,sub_error
6,24,8,false,sub_error
6,24,8,false,sub_error
6,24,8,false,insert_error
6,24,8,true,action_prior
6,24,8,true,substitution_temp
5,24,8,false,sub_error
5,24,8,false,sub_error
5,24,8,false,sub_error
5,24,8,false,insert_error
5,24,8,true,action_prior
5,24,8,true,substitution_temp
8,24,8,false,sub_error
8,24,8,false,sub_error
8,24,8,false,sub_error
8,24,8,false,insert_error
8,24,8,true,action_prior
8,24,8,true,substitution_temp
4,24,8,false,sub_error
4,24,8,false,sub_error
4,24,8,false,sub_error
4,24,8,false,insert_error
4,24,8,true,action_prior
4,24,8,true,substitution_temp
2,24,8,false,sub_error
2,24,8,false,sub_error
2,24,8,false,sub_error
2,24,8,false,insert_error
2,24,8,false,action_prior
2,24,8,true,substitution_temp
1,24,8,false,sub_error
1,24,8,false,sub_error
1,24,8,false,sub_error
1,24,8,false,insert_error
1,24,8,true,action_prior
1,24,8,true,substitution_temp
3,25,8,false,sub_error
3,25,8,false,sub_error
3,25,8,false,sub_error
3,25,8,false,insert_error
3,25,8,false,action_prior
3,25,8,true,substitution_temp
5,25,8,false,sub_error
5,25,8,false,sub_error
5,25,8,false,sub_error
5,25,8,false,insert_error
5,25,8,true,action_prior
5,25,8,true,substitution_temp
2,25,8,false,sub_error
2,25,8,false,sub_error
2,25,8,false,sub_error
2,25,8,false,insert_error
2,25,8,false,action_prior
2,25,8,true,substitution_temp
8,25,8,false,sub_error
8,25,8,false,sub_error
8,25,8,false,sub_error
8,25,8,false,insert_error
8,25,8,false,action_prior
8,25,8,true,substitution_temp
7,25,8,false,sub_error
7,25,8,false,sub_error
7,25,8,false,sub_error
7,25,8,false,insert_error
7,25,8,false,action_prior
7,25,8,true,substitution_temp
6,25,8,false,sub_error
6,25,8,false,sub_error
6,25,8,false,sub_error
6,25,8,false,insert_error
6,25,8,false,action_prior
6,25,8,true,substitution_temp
4,25,8,false,sub_error
4,25,8,false,sub_error
4,25,8,false,sub_error
4,25,8,false,insert_error
4,25,8,true,action_prior
4,25,8,true,substitution_temp
1,25,8,false,sub_error
1,25,8,false,sub_error
1,25,8,false,sub_error
1,25,8,false,insert_error
1,25,8,true,action_prior
1,25,8,true,substitution_temp
2,26,8,false,sub_error
2,26,8,false,sub_error
2,26,8,false,sub_error
2,26,8,false,insert_error
2,26,8,true,action_prior
2,26,8,true,substitution_temp
6,26,8,false,sub_error
6,26,8,false,sub_error
6,26,8,false,sub_error
6,26,8,true,insert_error
6,26,8,false,action_prior
6,26,8,true,substitution_temp
1,26,8,false,sub_error
1,26,8,false,sub_error
1,26,8,false,sub_error
1,26,8,false,insert_error
1,26,8,false,action_prior
1,26,8,true,substitution_temp
7,26,8,false,sub_error
7,26,8,false,sub_error
7,26,8,false,sub_error
7,26,8,false,insert_error
7,26,8,false,action_prior
7,26,8,true,substitution_temp
8,26,8,false,sub_error
8,26,8,false,sub_error
8,26,8,false,sub_error
8,26,8,false,insert_error
8,26,8,false,action_prior
8,26,8,true,substitution_temp
3,26,8,false,sub_error
3,26,8,false,sub_error
3,26,8,false,sub_error
3,26,8,false,insert_error
3,26,8,false,action_prior
3,26,8,true,substitution_temp
4,26,8,false,sub_error
4,26,8,false,sub_error
4,26,8,false,sub_error
4,26,8,false,insert_error
4,26,8,true,action_prior
4,26,8,true,substitution_temp
5,26,8,false,sub_error
5,26,8,false,sub_error
5,26,8,false,sub_error
5,26,8,false,insert_error
5,26,8,false,action_prior
5,26,8,true,substitution_temp
5,27,8,false,sub_error
5,27,8,false,sub_error
5,27,8,false,sub_error
5,27,8,false,insert_error
5,27,8,false,action_prior
5,27,8,true,substitution_temp
4,27,8,false,sub_error
4,27,8,false,sub_error
4,27,8,false,sub_error
4,27,8,false,insert_error
4,27,8,true,action_prior
4,27,8,true,substitution_temp
6,27,8,false,sub_error
6,27,8,false,sub_error
6,27,8,false,sub_error
6,27,8,false,insert_error
6,27,8,true,action_prior
6,27,8,true,substitution_temp
1,27,8,false,sub_error
1,27,8,false,sub_error
1,27,8,false,sub_error
1,27,8,false,insert_error
1,27,8,true,action_prior
1,27,8,true,substitution_temp
8,27,8,false,sub_error
8,27,8,false,sub_error
8,27,8,false,sub_error
8,27,8,false,insert_error
8,27,8,false,action_prior
8,27,8,true,substitution_temp
7,27,8,false,sub_error
7,27,8,false,sub_error
7,27,8,false,sub_error
7,27,8,false,insert_error
7,27,8,true,action_prior
7,27,8,true,substitution_temp
3,27,8,false,sub_error
3,27,8,false,sub_error
3,27,8,false,sub_error
3,27,8,false,insert_error
3,27,8,true,action_prior
3,27,8,true,substitution_temp
2,27,8,false,sub_error
2,27,8,false,sub_error
2,27,8,false,sub_error
2,27,8,false,insert_error
2,27,8,true,action_prior
2,27,8,true,substitution_temp
8,28,8,false,sub_error
8,28,8,false,sub_error
8,28,8,false,sub_error
8,28,8,false,insert_error
8,28,8,false,action_prior
8,28,8,true,substitution_temp
5,28,8,false,sub_error
5,28,8,false,sub_error
5,28,8,false,sub_error
5,28,8,false,insert_error
5,28,8,false,action_prior
5,28,8,true,substitution_temp
3,28,8,false,sub_error
3,28,8,false,sub_error
3,28,8,false,sub_error
3,28,8,false,insert_error
3,28,8,false,action_prior
3,28,8,true,substitution_temp
6,28,8,false,sub_error
6,28,8,false,sub_error
6,28,8,false,sub_error
6,28,8,false,insert_error
6,28,8,false,action_prior
6,28,8,true,substitution_temp
7,28,8,false,sub_error
7,28,8,false,sub_error
7,28,8,false,sub_error
7,28,8,false,insert_error
7,28,8,true,action_prior
7,28,8,true,substitution_temp
1,28,8,false,sub_error
1,28,8,false,sub_error
1,28,8,false,sub_error
1,28,8,false,insert_error
1,28,8,true,action_prior
1,28,8,true,substitution_temp
2,28,8,false,sub_error
2,28,8,false,sub_error
2,28,8,false,sub_error
2,28,8,false,insert_error
2,28,8,false,action_prior
2,28,8,true,substitution_temp
4,28,8,false,sub_error
4,28,8,false,sub_error
4,28,8,false,sub_error
4,28,8,false,insert_error
4,28,8,false,action_prior
4,28,8,true,substitution_temp
8,29,8,false,sub_error
8,29,8,false,sub_error
8,29,8,false,sub_error
8,29,8,false,insert_error
8,29,8,false,action_prior
8,29,8,true,substitution_temp
2,29,8,false,sub_error
2,29,8,false,sub_error
2,29,8,false,sub_error
2,29,8,false,insert_error
2,29,8,false,action_prior
2,29,8,true,substitution_temp
3,29,8,false,sub_error
3,29,8,false,sub_error
3,29,8,false,sub_error
3,29,8,false,insert_error
3,29,8,false,action_prior
3,29,8,true,substitution_temp
1,29,8,false,sub_error
1,29,8,false,sub_error
1,29,8,false,sub_error
1,29,8,false,insert_error
1,29,8,false,action_prior
1,29,8,true,substitution_temp
5,29,8,true,sub_error
5,29,8,false,sub_error
5,29,8,false,sub_error
5,29,8,false,insert_error
5,29,8,false,action_prior
5,29,8,true,substitution_temp
6,29,8,false,sub_error
6,29,8,false,sub_error
6,29,8,false,sub_error
6,29,8,false,insert_error
6,29,8,false,action_prior
6,29,8,false,substitution_temp
7,29,8,false,sub_error
7,29,8,false,sub_error
7,29,8,false,sub_error
7,29,8,false,insert_error
7,29,8,false,action_prior
7,29,8,true,substitution_temp
4,29,8,false,sub_error
4,29,8,false,sub_error
4,29,8,false,sub_error
4,29,8,false,insert_error
4,29,8,false,action_prior
4,29,8,true,substitution_temp
1,30,8,false,sub_error
1,30,8,false,sub_error
1,30,8,false,sub_error
1,30,8,false,insert_error
1,30,8,true,action_prior
1,30,8,true,substitution_temp
4,30,8,false,sub_error
4,30,8,false,sub_error
4,30,8,false,sub_error
4,30,8,false,insert_error
4,30,8,false,action_prior
4,30,8,true,substitution_temp
7,30,8,false,sub_error
7,30,8,false,sub_error
7,30,8,false,sub_error
7,30,8,false,insert_error
7,30,8,true,action_prior
7,30,8,true,substitution_temp
8,30,8,false,sub_error
8,30,8,false,sub_error
8,30,8,false,sub_error
8,30,8,false,insert_error
8,30,8,false,action_prior
8,30,8,true,substitution_temp
6,30,8,false,sub_error
6,30,8,false,sub_error
6,30,8,false,sub_error
6,30,8,false,insert_error
6,30,8,true,action_prior
6,30,8,true,substitution_temp
2,30,8,false,sub_error
2,30,8,false,sub_error
2,30,8,false,sub_error
2,30,8,false,insert_error
2,30,8,true,action_prior
2,30,8,true,substitution_temp
3,30,8,false,sub_error
3,30,8,false,sub_error
3,30,8,false,sub_error
3,30,8,false,insert_error
3,30,8,true,action_prior
3,30,8,true,substitution_temp
5,30,8,false,sub_error
5,30,8,false,sub_error
5,30,8,false,sub_error
5,30,8,false,insert_error
5,30,8,true,action_prior
5,30,8,true,substitution_temp
2,31,8,false,sub_error
2,31,8,false,sub_error
2,31,8,false,sub_error
2,31,8,false,insert_error
2,31,8,true,action_prior
2,31,8,true,substitution_temp
7,31,8,false,sub_error
7,31,8,false,sub_error
7,31,8,false,sub_error
7,31,8,false,insert_error
7,31,8,true,action_prior
7,31,8,true,substitution_temp
4,31,8,false,sub_error
4,31,8,false,sub_error
4,31,8,false,sub_error
4,31,8,false,insert_error
4,31,8,true,action_prior
4,31,8,true,substitution_temp
1,31,8,false,sub_error
1,31,8,false,sub_error
1,31,8,false,sub_error
1,31,8,false,insert_error
1,31,8,false,action_prior
1,31,8,true,substitution_temp
5,31,8,false,sub_error
5,31,8,false,sub_error
5,31,8,false,sub_error
5,31,8,false,insert_error
5,31,8,true,action_prior
5,31,8,true,substitution_temp
3,31,8,false,sub_error
3,31,8,false,sub_error
3,31,8,false,sub_error
3,31,8,false,insert_error
3,31,8,false,action_prior
3,31,8,true,substitution_temp
8,31,8,false,sub_error
8,31,8,false,sub_error
8,31,8,false,sub_error
8,31,8,false,insert_error
8,31,8,false,action_prior
8,31,8,true,substitution_temp
6,31,8,false,sub_error
6,31,8,false,sub_error
6,31,8,false,sub_error
6,31,8,true,insert_error
6,31,8,false,action_prior
6,31,8,true,substitution_temp
1,32,8,false,sub_error
1,32,8,false,sub_error
1,32,8,false,sub_error
1,32,8,false,insert_error
1,32,8,true,action_prior
1,32,8,true,substitution_temp
5,32,8,false,sub_error
5,32,8,false,sub_error
5,32,8,false,sub_error
5,32,8,false,insert_error
5,32,8,false,action_prior
5,32,8,true,substitution_temp
2,32,8,false,sub_error
2,32,8,false,sub_error
2,32,8,false,sub_error
2,32,8,false,insert_error
2,32,8,true,action_prior
2,32,8,true,substitution_temp
8,32,8,false,sub_error
8,32,8,false,sub_error
8,32,8,false,sub_error
8,32,8,false,insert_error
8,32,8,false,action_prior
8,32,8,true,substitution_temp
6,32,8,false,sub_error
6,32,8,false,sub_error
6,32,8,false,sub_error
6,32,8,false,insert_error
6,32,8,true,action_prior
6,32,8,true,substitution_temp
4,32,8,false,sub_error
4,32,8,false,sub_error
4,32,8,false,sub_error
4,32,8,false,insert_error
4,32,8,false,action_prior
4,32,8,true,substitution_temp
7,32,8,false,sub_error
7,32,8,false,sub_error
7,32,8,false,sub_error
7,32,8,false,insert_error
7,32,8,true,action_prior
7,32,8,true,substitution_temp
3,32,8,false,sub_error
3,32,8,false,sub_error
3,32,8,false,sub_error
3,32,8,false,insert_error
3,32,8,true,action_prior
3,32,8,true,substitution_temp
